Section,X,Stress_MPa,Yield_MPa,Utilization
Root Section,0.0,339.8880952380953,345.0,0.9851828847481022
Mid-Root Section,12.0,252.3226504612431,345.0,0.7313700013369365
Mid Section,24.0,201.5949717244302,345.0,0.58433325137516
Tip Section,40.0,141.7741798727716,345.0,0.4109396518051351
Tip Assembly,55.0,37.47663401842657,345.0,0.10862792469109152
